X (miles),Y (miles)
1674.3121760024155,3657.8481822582135
1674.3121760024155,3657.8481822582135
1674.3121760024155,3657.8481822582135
1683.2290027196689,3660.6640835920757
1693.5539742771628,3664.887935592868
1689.33031644968,3667.70383692673
1689.33031644968,3667.70383692673
1689.33031644968,3667.70383692673
1683.6985137819565,3668.6428590513033
1683.6985137819565,3668.6428590513033
1683.6985137819565,3668.6428590513033
1683.6985137819565,3679.4371863324354
1683.6985137819565,3679.4371863324354
1683.6985137819565,3679.4371863324354
1684.168413190862,3689.7621190552672
1684.168413190862,3689.7621190552672
1684.168413190862,3689.7621190552672
1684.168413190862,3699.6176960544603
1695.4320185263098,3703.372231166276
1701.0638211940332,3710.411945666269
1701.0638211940332,3710.411945666269
1701.0638211940332,3710.411945666269
1710.4501589735733,3714.166480778085
1710.4501589735733,3714.166480778085
1710.4501589735733,3714.166480778085
1712.3258731430058,3710.8814567285553
1712.3258731430058,3710.8814567285553
1712.3258731430058,3710.8814567285553
1713.265671960817,3721.206389451387
1718.8974746285403,3727.776748227741
1710.9192816892405,3730.592649561603
1710.9192816892405,3730.592649561603
1710.9192816892405,3730.592649561603
1702.0020666253681,3730.1231384993166
1702.0020666253681,3730.1231384993166
1702.0020666253681,3730.1231384993166
1694.9625074640223,3736.6935749449945
1688.392071018345,3740.9174269457876
1691.2075840055877,3748.426380665433
1683.2290027196689,3754.0582221678187
1685.574616298006,3765.3217886686043
1684.1649180712895,3771.4228693906434
1678.5331154035662,3780.3399291158676
1680.8787289819034,3794.4193581158534
1680.8787289819034,3794.4193581158534
1680.8787289819034,3794.4193581158534
1691.2037005393972,3797.235259449715
1691.2037005393972,3797.235259449715
1691.2037005393972,3797.235259449715
1686.041020587341,3808.029586730848
1677.593316585755,3814.130667452887
1673.8380047807013,3823.5170052324265
1676.653517767944,3835.7191666765043
1686.5089782631514,3836.188677738791
1676.653517767944,3848.8601949065073
1679.9389301640922,3856.3691874608157
1679.4690307551866,3866.694120183647
1689.7940023126805,3869.979532579796
1689.324102903775,3882.1817328585353
1699.6490744612688,3884.528123130111
1699.6490744612688,3884.528123130111
1699.6490744612688,3884.528123130111
1697.3034608829319,3893.4451828553356
1697.3034608829319,3893.4451828553356
1697.3034608829319,3893.4451828553356
1704.8125311065642,3898.6076686340825
1704.8125311065642,3898.6076686340825
1704.8125311065642,3898.6076686340825
1709.036577280666,3906.116622353728
1709.036577280666,3906.116622353728
1709.036577280666,3906.116622353728
1705.2812654756124,3916.910949634861
1682.7544431513359,3920.6654847466766
1669.6135702599804,3919.726462622104
1657.880453862246,3924.888909566189
1645.209092033177,3924.888909566189
1644.269293215366,3931.459384846528
1646.1450073847986,3936.621831790613
1660.2249024007272,3933.336419394465
1665.8563167218326,3936.621831790613
1654.5927113863847,3942.722951347314
1640.9827157793618,3944.1310961875542
1633.4736455557295,3946.946997521416
1639.5745709391215,3947.886019645989
1646.1450073847986,3953.5178611483752
1656.939490004579,3953.5178611483752
1660.2249024007272,3958.680346927122
1663.5103147968753,3969.943913427908
1655.0626107952892,3976.044994149946
1651.777198399141,3981.207479928693
1656.000856226624,3986.8392825964174
1655.5309568177186,4000.4494723767493
1655.5309568177186,4000.4494723767493
1655.5309568177186,4000.4494723767493
1653.1853432393814,4006.5505530987884
1653.1853432393814,4006.5505530987884
1653.1853432393814,4006.5505530987884
1666.7957271930234,4019.6913483208205
1666.7957271930234,4019.6913483208205
1666.7957271930234,4019.6913483208205
1675.712553910277,4023.445883432636
1675.712553910277,4023.445883432636
1675.712553910277,4023.445883432636
1681.3443565780003,4029.5470806586604
1686.0375254677697,4028.6080585340874
1695.4238632473098,4037.5251182593124
1701.994299692987,4038.4641403838855
1718.889707696158,4030.9550701602534
1728.7455565379846,4027.200535048438
1732.9692143654675,4024.384633714576
1743.2941859229613,4019.691425990144
1758.3123263702248,4015.9368908783285
1763.4746179756617,4024.384594879914
1774.7382233111093,4020.630059768098
1777.553736298352,4031.424348214569
1791.163731905375,4025.3232674925302
1794.4491443015231,4020.630059768098
1812.2831860826482,4014.059584487759
1801.9582145251543,4021.099415491737
1801.9582145251543,4021.099415491737
1801.9582145251543,4021.099415491737
1793.5105105235682,4028.13912999173
1793.5105105235682,4028.13912999173
1793.5105105235682,4028.13912999173
1789.7551987185145,4034.240210713769
1800.5492929916759,4034.240210713769
1807.5892404996396,4041.7492809374003
1811.8132866737415,4041.7492809374003
1812.7530854915526,4048.3196397137544
1823.0780570490465,4049.2586618383275
1830.1176162103923,4053.4823973351345
1837.157563718356,4049.727862223319
1841.8507326081253,4040.8108801674184
1844.1963461864625,4034.7097994453793
1851.2362936944262,4027.2007292217477
1854.5217060905743,4038.9335349421863
1863.9080438701144,4041.7494362760485
1870.4784803157916,4038.4640238798997
1861.561653598538,4051.6048191019313
1866.2544341416883,4062.3991075484023
1880.3339408109978,4079.7637547712266
1880.3339408109978,4079.7637547712266
1880.3339408109978,4079.7637547712266
1891.1284234307782,4076.9478534373648
1891.1284234307782,4076.9478534373648
1891.1284234307782,4076.9478534373648
1902.8611514818933,4075.0705858814567
1908.4929541496167,4073.6624410412164
1913.6552457550536,4073.19292997893
1921.6338270409724,4072.253907854357
1933.3665550920875,4071.3156624230214
1933.3665550920875,4064.7453424813298
1940.4065026000512,4059.113500978944
1946.9769390457284,4055.3589658671276
1957.7710333188897,4053.48169831122
1964.341469764567,4061.4601242584904
1962.4657555951344,4067.091849256891
1970.444336881053,4072.2543350356377
1970.444336881053,4072.2543350356377
1970.444336881053,4072.2543350356377
1974.1996486861067,4078.3555322616626
1974.1996486861067,4078.3555322616626
1974.1996486861067,4078.3555322616626
1981.2392078474525,4084.4566129837012
1981.2392078474525,4084.4566129837012
1981.2392078474525,4084.4566129837012
1990.6255456269923,4081.1712005875524
1990.6255456269923,4081.1712005875524
1990.6255456269923,4081.1712005875524
2001.8891509624402,4078.8244219693584
2006.112808789923,4071.3153129110647
2011.275488741979,4068.029900514916
2004.2355412340153,4082.109446018888
2015.4991465694632,4096.658230742512
2015.4991465694632,4096.658230742512
2015.4991465694632,4096.658230742512
2023.4777278553818,4099.94364313866
2023.4777278553818,4099.94364313866
2023.4777278553818,4099.94364313866
2034.7413331908297,4104.636773193769
2029.5786532387738,4116.838934637846
2035.6799669687834,4122.470776140232
2044.596793686037,4134.203698364657
2054.921765243531,4136.5500886362315
2068.532149197173,4137.489110760805
2070.407863366606,4148.752677261591
2070.407863366606,4148.752677261591
2070.407863366606,4148.752677261591
2063.8378152675464,4153.915124205676
2063.8378152675464,4153.915124205676
2063.8378152675464,4153.915124205676
2064.3077146764517,4164.709334982823
2067.5931270726,4168.933186983615
2062.9003465294495,4175.034267705653
2066.655658334503,4179.727475430086
2064.310044756166,4193.337665210418
2057.2700972482025,4200.377379710411
2046.9455140373277,4200.377379710411
2045.535815810611,4206.4784604324495
2049.2911276156647,4213.518174932443
2060.5547329511123,4213.048663870157
2069.0024369526986,4215.864565204018
2076.9806298919984,4204.600998703233
2091.060136561308,4192.398798424493
2099.5078405628938,4185.828361978815
2111.7100796762957,4186.297873041101
2114.0556932546324,4178.78880281747
2114.9954920724435,4168.463870094638
2123.44319607403,4171.748894144167
2123.44319607403,4171.748894144167
2123.44319607403,4171.748894144167
2123.913095482935,4188.174907589038
2123.913095482935,4188.174907589038
2123.913095482935,4188.174907589038
2118.281292815212,4198.499879146531
2124.851729260889,4203.662326090616
2127.667242248132,4211.171396314248
2137.5227027433393,4213.517786585824
2144.562650251303,4204.131487640946
2140.3386040772007,4196.153139362999
2137.053191681053,4183.950977918922
2137.053191681053,4183.950977918922
2137.053191681053,4183.950977918922
2140.8085034861065,4175.972513136989
2140.8085034861065,4175.972513136989
2140.8085034861065,4175.972513136989
2139.8687046682953,4156.730637192919
2136.5832922721474,4152.506785192126
2129.5433447641835,4151.0986403518855
2142.684606002158,4147.813616302356
2154.4173340532734,4146.874594177783
2154.4173340532734,4146.874594177783
2154.4173340532734,4146.874594177783
2164.7423056107673,4140.7733969517585
2164.7423056107673,4140.7733969517585
2164.7423056107673,4140.7733969517585
2173.190009612353,4130.917819952565
2183.9841038855147,4113.553172729741
2183.9841038855147,4113.553172729741
2183.9841038855147,4113.553172729741
2192.901318949387,4115.899563001316
2192.901318949387,4115.899563001316
2192.901318949387,4115.899563001316
2198.063610554824,4111.20647178087
2193.370441665055,4101.82013400133
2198.063610554824,4092.433835056453
2211.2044834461794,4085.863359776113
2221.998577719341,4085.3938487138266
2227.630380387064,4079.292729157126
2229.9759939654014,4072.7222927114485
2241.7087220165167,4076.946144712241
2258.1350073040203,4078.8234122681492
2269.8677353551357,4074.599560267356
2275.499538022859,4062.866638042932
2273.623823853426,4052.0724661004474
2283.4796726952527,4048.7870537042986
2283.4796726952527,4040.339388537375
2299.9055696361374,4041.747145030996
2313.5155652431604,4043.6244125869043
2313.5155652431604,4043.6244125869043
2313.5155652431604,4043.6244125869043
2319.61687897317,4036.1153423632727
2319.61687897317,4036.1153423632727
2319.61687897317,4036.1153423632727
2333.226874580193,4037.0543644878458
2344.959990977927,4033.7689520916974
2366.548567870869,4041.74741687363
2372.1803705385923,4032.3610790940897
2383.443587527421,4032.8305901563763
2382.9736881185154,4024.8522418784296
2372.6487165610215,4014.527309155598
2382.0350543405616,4015.935453995838
2382.0350543405616,4015.935453995838
2382.0350543405616,4015.935453995838
2391.4213921201017,4022.0365347178767
2391.4213921201017,4022.0365347178767
2391.4213921201017,4022.0365347178767
2402.215874739882,4023.4442912114987
2406.9090436296515,4011.2420909327593
2418.641771680767,4017.34321048946
2427.5589867446392,4009.8342179351516
2438.3530810178004,4011.7114854910596
2448.6780525752943,4009.8342179351516
2451.0236661536314,4000.917158209927
2464.6336617606544,3994.816077487888
2471.2040982063318,3988.245602207549
2484.3449710976874,3983.083155263464
2496.547210211089,3973.696817483924
2499.832622607237,3964.310518539047
2499.832622607237,3964.310518539047
2499.832622607237,3964.310518539047
2496.547210211089,3959.1480327603
2496.547210211089,3959.1480327603
2496.547210211089,3959.1480327603
2487.160872431549,3960.55617760054
2499.832234260618,3956.332325599747
2515.3198857701677,3952.108473598954
2515.3198857701677,3952.108473598954
2515.3198857701677,3952.108473598954
2515.7897851790735,3943.191530377715
2515.7897851790735,3943.191530377715
2515.7897851790735,3943.191530377715
2489.97716211203,3943.6610414400016
2489.97716211203,3943.6610414400016
2489.97716211203,3943.6610414400016
2521.4215878467967,3937.09072149831
2521.4215878467967,3937.09072149831
2521.4215878467967,3937.09072149831
2528.4611470081422,3937.09072149831
2535.9702172317748,3931.4588799959242
2533.1547042445322,3923.0111759943384
2533.1547042445322,3923.0111759943384
2533.1547042445322,3923.0111759943384
2547.2342109138417,3916.440739548661
2547.2342109138417,3916.440739548661
2547.2342109138417,3916.440739548661
2581.025026920184,3912.6862044368445
2578.2095139329413,3921.133908438431
2578.2095139329413,3921.133908438431
2578.2095139329413,3921.133908438431
2572.108200202931,3922.072930563004
2572.108200202931,3922.072930563004
2572.108200202931,3922.072930563004
2574.4538137812683,3931.4592295078814
2578.209125586322,3937.56031022992
2572.577322918599,3943.661429786621
2582.432783413806,3956.802341512638
2600.2668251949312,3959.6182428465004
2600.2668251949312,3959.6182428465004
2600.2668251949312,3959.6182428465004
2614.8158429265272,3959.148731784214
2614.8158429265272,3959.148731784214
2614.8158429265272,3959.148731784214
2620.916768309919,3967.5964357857993
2634.0576412012747,3967.5964357857993
2642.0362224871933,3975.105506009431
2636.8735425351374,3961.0260770094455
2626.5485709776435,3949.293154785021
2636.8735425351374,3947.8850099447804
2654.238073253976,3949.762277500689
2657.523485650124,3952.108667772264
2665.0325558737563,3953.9859353281718
2670.194847479193,3949.2928052730645
2670.194847479193,3949.2928052730645
2670.194847479193,3949.2928052730645
2688.4984003226045,3953.04734038488
2688.4984003226045,3953.04734038488
2688.4984003226045,3953.04734038488
2703.9856634855355,3953.516851447166
2703.9856634855355,3953.516851447166
2703.9856634855355,3953.516851447166
2712.9024902027886,3950.7009501133048
2709.147178397735,3940.375978555811
2696.9449392843335,3930.520401556618
2693.18962747928,3918.3182401125405
2690.8440139009426,3909.870536110955
2698.353084124575,3911.278292604576
2692.252158741183,3904.7079338282224
2674.8872396757256,3900.953398716407
2688.966746345035,3894.852317994368
2701.638496520723,3898.6068531061837
2707.2702991884466,3906.115845660492
2715.248492127746,3905.176823535919
2718.0640051149885,3898.137109035926
2730.7353669440577,3897.198086911353
2744.3457508977,3895.789942071113
2751.3853100590454,3885.93436507192
2761.7102816165393,3884.52622023168
2771.566130458366,3877.9558614553257
2780.013834459952,3882.1795969521327
2786.114759843344,3876.547871953733
2785.644860434438,3865.753583507262
2801.6016346596557,3870.916069286009
2816.1502640446324,3875.13988245214
2816.1502640446324,3875.13988245214
2816.1502640446324,3875.13988245214
2821.3129439966883,3870.446791231694
2821.3129439966883,3870.446791231694
2821.3129439966883,3870.446791231694
2831.1684044918957,3863.407076731701
2831.1684044918957,3863.407076731701
2831.1684044918957,3863.407076731701
2842.90152088963,3863.8765877939877
2849.4719573353073,3856.3674787356936
2856.511516496653,3859.6528911318424
2867.775121832101,3856.3674787356936
2870.5906348193434,3851.6743875152474
2877.161071265021,3851.6743875152474
2877.161071265021,3845.103912234908
2866.836099707527,3841.818499838759
2865.4302849469996,3833.3709123411595
2840.5562956579097,3823.5152188379816
2869.184820058815,3833.3709123411595
2869.184820058815,3833.3709123411595
2869.184820058815,3833.3709123411595
2875.7552565044925,3831.493644785252
2875.7552565044925,3831.493644785252
2875.7552565044925,3831.493644785252
2896.4051996194803,3837.5947255072906
2898.280913788913,3825.392564063213
2896.4051996194803,3815.067631340381
2905.791149052401,3800.9882023403948
2905.791149052401,3800.9882023403948
2905.791149052401,3800.9882023403948
2924.1001387484785,3794.419008603898
2924.1001387484785,3794.419008603898
2924.1001387484785,3794.419008603898
2938.179645417788,3803.8053075487755
2938.179645417788,3803.8053075487755
2938.179645417788,3803.8053075487755
2947.5659831973276,3802.8666737708218
2947.5659831973276,3802.8666737708218
2947.5659831973276,3802.8666737708218
2955.07505342096,3812.253011550362
2955.07505342096,3812.253011550362
2955.07505342096,3812.253011550362
2943.811448085512,3832.9028769960246
2943.811448085512,3832.9028769960246
2943.811448085512,3832.9028769960246
2962.583735297973,3836.65741210784
2962.583735297973,3836.65741210784
2962.583735297973,3836.65741210784
2979.479143301144,3819.762042939331
2979.479143301144,3819.762042939331
2979.479143301144,3819.762042939331
2999.190452638177,3819.762042939331
3018.90176197521,3821.639310495239
3025.472198420887,3814.130240271608
3033.919902422473,3801.928039992868
3046.122141535875,3797.234871103098
3063.017549539046,3800.9894062149137
3063.017549539046,3800.9894062149137
3063.017549539046,3800.9894062149137
3112.7651397706063,3804.7439413267293
3112.7651397706063,3804.7439413267293
3112.7651397706063,3804.7439413267293
3124.028356759435,3811.3143777724076
3124.028356759435,3811.3143777724076
3124.028356759435,3811.3143777724076
3164.389609211456,3812.253011550362
3164.389609211456,3812.253011550362
3164.389609211456,3812.253011550362
3180.346383436673,3821.639310495239
3180.346383436673,3821.639310495239
3180.346383436673,3821.639310495239
3208.505396775292,3808.498476438545
3208.505396775292,3808.498476438545
3208.505396775292,3808.498476438545
3225.400804778463,3810.3757439944534
3225.400804778463,3810.3757439944534
3225.400804778463,3810.3757439944534
3251.682550561174,3799.112138659006
3251.682550561174,3799.112138659006
3251.682550561174,3799.112138659006
3270.455226120253,3760.6282702668786
3293.9206822224833,3732.4693345975834
3293.9206822224833,3732.4693345975834
3293.9206822224833,3732.4693345975834
3293.9206822224833,3716.512599207028
3293.9206822224833,3716.512599207028
3293.9206822224833,3716.512599207028
3316.447892893379,3686.476357147163
3316.447892893379,3686.476357147163
3316.447892893379,3686.476357147163
3323.0183293390564,3672.396889312515
3323.0183293390564,3672.396889312515
3323.0183293390564,3672.396889312515
3332.404667118596,3647.0538549770818
3334.280381288029,3605.7540852510933
3314.569071950996,3598.2450150274617
3308.9372692832726,3580.4110120809983
3315.50770572895,3557.8838790794266
3315.50770572895,3557.8838790794266
3315.50770572895,3557.8838790794266
3307.0600017273637,3541.927143688871
3307.0600017273637,3541.927143688871
3307.0600017273637,3541.927143688871
3311.7531706171335,3526.9090032416075
3306.12136794941,3505.3205040179905
3288.287326168285,3487.486501071527
3277.962354610791,3474.345667014833
3264.8218700660545,3467.775230569155
3262.946155896622,3455.5730302904153
3264.8218700660545,3447.12532628883
3254.4968985085607,3436.8003935659985
3248.8650958408375,3437.7390273439523
3244.1719269510677,3428.3527283990747
3244.1719269510677,3428.3527283990747
3244.1719269510677,3428.3527283990747
3239.4787580612983,3421.782291953397
3239.4787580612983,3421.782291953397
3239.4787580612983,3421.782291953397
3224.460617614035,3418.966390619535
3212.2583785006336,3415.211855507719
3212.2583785006336,3409.580091674657
3201.9334069431397,3413.334626786473
3197.7093607690376,3419.435707508512
3188.323411336117,3418.0279510148907
3185.0379989399685,3415.6815607433155
3179.4061962722453,3418.4974620771773
3167.2039571588434,3417.0897055835558
3168.1437559766546,3411.927219804809
3158.7574181971145,3409.1113184709475
3154.064249307345,3411.927219804809
3149.8405914798623,3406.295417137085
3142.3315212562297,3405.3567833591314
3147.9633239239533,3396.4398013032305
3140.454253700321,3393.154777253701
3142.799867278658,3382.3605276418925
3136.698941895266,3374.851457418261
3123.5580690039105,3377.198236036455
3115.579876064611,3378.136869814409
3097.745834283486,3372.974384035662
3077.5650138841665,3372.035750257708
3074.2796014880187,3376.259602258501
3066.770531264386,3375.3209684805474
3060.200094818709,3379.0755035923635
3055.976048644607,3378.1368698144092
3055.5061492357017,3370.6277995907776
3056.4459480535124,3365.4653526466927
3047.52873298964,3360.302866867946
3040.9582965439627,3357.9564765963705
3045.182342718065,3353.7326245955774
3050.344634323502,3349.5088114294467
3045.182342718065,3345.7542763176307
3035.7960049385247,3342.469252268101
3027.348300936939,3341.0614957744797
3026.878401528033,3334.4910981634634
3039.549763357102,3333.5524643855097
3045.650688740494,3335.898854657085
3047.5264029099267,3332.144319545269
3049.4021170793594,3322.7579817657293
3041.8930468557273,3320.4115914941544
3032.9762201384738,3321.350225272108
3023.1207596432664,3320.4115914941544
3021.71106141655,3316.1877394933613
3031.0973991960896,3314.3104719374533
3040.9528596912974,3314.779594653121
3043.298473269634,3305.393295708243
3040.4829602823916,3299.292176151542
3027.342087391036,3302.108077485404
3023.5867755859827,3296.0069579287033
3015.1390715843963,3289.905877206664
3016.548769811113,3281.4581732050788
3010.447456081103,3279.5809056491707
3004.8156534133796,3278.642271871217
3004.345754004474,3271.133240482247
3006.6913675828114,3264.0934871475924
2999.6518084214654,3257.9924064255533
3000.5916072392765,3250.9526530908984
2999.6518084214654,3243.912899756244
2991.2041044198795,3241.5665094846686
2989.794406193163,3234.057439261037
2991.6701203625958,3230.7720268648886
2987.914808557542,3226.0788968097804
2987.4449091486363,3221.3857279200106
2993.07671181636,3219.5084603641026
2989.321400011306,3213.876657696379
2985.097353837204,3211.060756362517
2985.097353837204,3196.9812885278698
2992.606424060836,3195.5735320342483
2990.260810482499,3189.0031344232325
2979.4663278627186,3178.208884811424
2975.711016057665,3164.598695031091
2968.201945834033,3158.0282974200754
2967.2621470162217,3150.0499103074667
2963.976734620074,3142.5408789184967
2955.05990790282,3137.3783931397497
2950.366739013051,3130.338678639757
2950.366739013051,3130.338678639757
2950.366739013051,3130.338678639757
2943.7963025673735,3123.768242194079
2943.7963025673735,3123.768242194079
2943.7963025673735,3123.768242194079
2932.532697231926,3121.8909746381714
2928.3086510578237,3126.5841435279413
2919.626385698404,3127.2882159480614
2913.760021672847,3133.3893355047626
2913.760021672847,3133.3893355047626
2913.760021672847,3133.3893355047626
2904.373683893307,3132.2161403689747
2904.373683893307,3132.2161403689747
2904.373683893307,3132.2161403689747
2892.6405674955727,3132.2161403689747
2892.6405674955727,3132.2161403689747
2892.6405674955727,3132.2161403689747
2884.1928634939864,3132.6852630846424
2879.5000829508363,3142.3062010566778
2870.3483065291302,3144.4180299704194
2861.9006025275444,3151.223105443254
2861.9006025275444,3151.223105443254
2861.9006025275444,3151.223105443254
2857.9115060578943,3150.519033023134
2857.9115060578943,3150.519033023134
2857.9115060578943,3150.519033023134
2850.871558549931,3152.1617392212083
2848.289053534046,3156.8548692763165
2841.4840557305347,3158.2626257699376
2847.115858398258,3148.87632682506
2848.9915725676906,3141.601934463248
2846.6459589893534,3137.378082462455
2847.115858398259,3125.175882183715
2854.8594899797245,3121.8908581341852
2855.32938938863,3116.963050217258
2874.336626305543,3115.320344019184
2875.509433094712,3120.0134740742924
2883.9571370962985,3122.59481405032
2888.884867343902,3118.3709620495274
2892.6401791489557,3109.9232580479415
2898.7414928789653,3107.341918071914
2897.098786680891,3088.099964458519
2901.0878831505406,3087.6308417428518
2902.9635973199734,3078.713859686951
2907.1876434940755,3073.3167348810466
2907.657542902981,3064.399713990484
2902.2606899397097,3060.879740236502
2896.8634486298197,3064.6342753483186
2889.8235011218558,3064.165152632651
2889.8235011218558,3064.165152632651
2889.8235011218558,3064.165152632651
2887.947786952423,3055.9521264928844
2887.947786952423,3055.9521264928844
2887.947786952423,3055.9521264928844
2869.4100610977966,3052.667102443355
2869.4100610977966,3052.667102443355
2869.4100610977966,3052.667102443355
2860.9623570962103,3049.3816900472066
2860.9623570962103,3049.3816900472066
2860.9623570962103,3049.3816900472066
2857.2070452911566,3045.3925159082332
2857.2070452911566,3045.3925159082332
2857.2070452911566,3045.3925159082332
2845.4739288934225,3047.0352221063076
2841.484832423773,3050.555195860289
2831.6293719285654,3049.3820007245017
2830.219673701849,3044.9235096965513
2812.1510705628893,3045.1565176679096
2808.8656581667415,3050.553642473814
2803.233855499018,3049.6150086958596
2803.233855499018,3049.6150086958596
2803.233855499018,3049.6150086958596
2799.244759029368,3049.1458859801924
2799.244759029368,3049.1458859801924
2799.244759029368,3049.1458859801924
2795.726338661862,3059.4708187030237
2789.3904635740178,3060.878575196645
2786.3419426154173,3071.4381857812964
2777.894238613831,3072.845942274918
2764.2838546601893,3071.67274713913
2764.2838546601893,3071.67274713913
2764.2838546601893,3071.67274713913
2758.4174906346316,3073.7845760528717
2758.4174906346316,3073.7845760528717
2758.4174906346316,3073.7845760528717
2755.834985618747,3084.8135035264995
2752.3165652512407,3085.7521373044538
2751.3767664334296,3095.60779197297
2751.3767664334296,3095.60779197297
2751.3767664334296,3095.60779197297
2746.68359754366,3098.893204369118
2746.68359754366,3098.893204369118
2746.68359754366,3098.893204369118
2746.213698134755,3108.0448642868387
2740.1127727513626,3115.3192566486505
2740.8156801316263,3119.777747676601
2731.6639037099208,3127.9907738163674
2731.6639037099208,3127.9907738163674
2731.6639037099208,3127.9907738163674
2729.081398694036,3134.3265324002255
2729.081398694036,3134.3265324002255
2729.081398694036,3134.3265324002255
2737.5291026956224,3145.8247767628304
2726.030936002341,3132.683942706137
2729.786247807395,3123.5322827884165
2729.786247807395,3123.5322827884165
2729.786247807395,3123.5322827884165
2729.4755705122507,3110.874746098981
2729.4755705122507,3110.874746098981
2729.4755705122507,3110.874746098981
2727.8173304494194,3097.9323571645605
2726.8231631049584,3093.286372388991
2728.151308541699,3065.0785827150344
2725.4950176682178,3049.8131819754985
2721.180875078524,3042.844185394813
2716.86673248883,3034.2159390500865
2716.86673248883,3034.2159390500865
2716.86673248883,3034.2159390500865
2716.5172205317936,3028.24250786169
2716.5172205317936,3028.24250786169
2716.5172205317936,3028.24250786169
2707.225250980654,3025.255734015499
2707.225250980654,3025.255734015499
2707.225250980654,3025.255734015499
2700.920055275705,3020.609749239929
2700.920055275705,3020.609749239929
2700.920055275705,3020.609749239929
2700.5705433186686,3009.9903332759623
2700.5705433186686,3009.9903332759623
2700.5705433186686,3009.9903332759623
2695.924752716408,3004.348783108104
2689.6191686648403,3004.348783108104
2688.95509594647,3000.3665215389474
2695.260291651419,2993.7293671441375
2689.2871323056556,2988.7515401826918
2689.2871323056556,2988.7515401826918
2689.2871323056556,2988.7515401826918
2678.99944202358,2983.7736743865844
2678.99944202358,2983.7736743865844
2678.99944202358,2983.7736743865844
2682.981936600708,2979.127689611015
2682.981936600708,2979.127689611015
2682.981936600708,2979.127689611015
2688.29141157472,2978.131968880078
2688.29141157472,2978.131968880078
2688.29141157472,2978.131968880078
2689.949651637551,2972.4904187122193
2693.9317578680602,2967.1807107302366
2692.9375905235993,2959.879871963675
2692.9375905235993,2959.879871963675
2692.9375905235993,2959.879871963675
2694.26573596034,2951.9153099907003
2694.26573596034,2951.9153099907003
2694.26573596034,2951.9153099907003
2690.945372368488,2938.309197849867
2690.945372368488,2938.309197849867
2690.945372368488,2938.309197849867
2690.945372368488,2930.3446747115536
2690.945372368488,2930.3446747115536
2690.945372368488,2930.3446747115536
2692.603612431319,2923.7075203167437
2685.966380367186,2913.751827559191
2683.6440675859844,2909.105842783621
2684.3081403043548,2902.8005694093486
2688.622282894048,2895.831611663325
2684.63978831692,2890.8537458672176
2683.97571559855,2884.2166303070694
2679.3299249962893,2877.247633726384
2674.68374604741,2874.592896239378
2667.0511815989585,2866.9602152869406
2655.1044745608133,2858.6638111280904
2646.476189381425,2849.3718415769504
2642.493694804297,2838.4205834271083
2654.440401842442,2850.3674069692393
2654.440401842442,2850.3674069692393
2654.440401842442,2850.3674069692393
2663.0686870218306,2850.3674069692393
2663.0686870218306,2850.3674069692393
2663.0686870218306,2850.3674069692393
2673.0247292913405,2850.69750159533
2678.666240624538,2852.024870338833
2681.98660421639,2845.387715944023
2675.681408511441,2838.750600383875
2675.681408511441,2838.750600383875
2675.681408511441,2838.750600383875
2672.3610449195894,2834.4364577941806
2672.3610449195894,2834.4364577941806
2672.3610449195894,2834.4364577941806
2674.0192849824207,2826.8037768417435
2667.714089277472,2820.8303456533467
2667.714089277472,2820.8303456533467
2667.714089277472,2820.8303456533467
2662.7362623160266,2814.8569532996116
2662.7362623160266,2814.8569532996116
2662.7362623160266,2814.8569532996116
2658.090083367147,2806.8923913266367
2644.152323213747,2795.9411331767947
2639.174496252302,2792.9543593306034
2641.166714407413,2783.330508758926
2637.184608176904,2775.3659467859516
2633.5341499589617,2772.7112092989455
2631.5419318038507,2766.7378169452104
2631.5419318038507,2766.7378169452104
2631.5419318038507,2766.7378169452104
2632.536099148311,2759.4369781786495
2632.536099148311,2759.4369781786495
2632.536099148311,2759.4369781786495
2626.2309034433624,2753.131704804377
2624.2386852882514,2747.490154636518
2624.2386852882514,2747.490154636518
2624.2386852882514,2747.490154636518
2629.2165122496967,2743.5078542326996
2629.2165122496967,2743.5078542326996
2629.2165122496967,2743.5078542326996
2627.5582721868655,2735.2114500738494
2627.5582721868655,2735.2114500738494
2627.5582721868655,2735.2114500738494
2620.589392110165,2728.2424923278254
2620.589392110165,2728.2424923278254
2620.589392110165,2728.2424923278254
2610.965386199841,2721.9372189535534
2610.965386199841,2721.9372189535534
2610.965386199841,2721.9372189535534
2597.359274059007,2722.9329396844896
2597.359274059007,2722.9329396844896
2597.359274059007,2722.9329396844896
2587.403620136116,2717.6232317025065
2587.403620136116,2717.6232317025065
2587.403620136116,2717.6232317025065
2576.7842818414733,2713.6409701333505
2576.7842818414733,2713.6409701333505
2576.7842818414733,2713.6409701333505
2568.488033021271,2704.348961747549
2579.43901932848,2707.0036992345545
2585.080530661677,2714.6364190216536
2585.080530661677,2714.6364190216536
2585.080530661677,2714.6364190216536
2589.726709610557,2710.3222764319594
2589.726709610557,2710.3222764319594
2589.726709610557,2710.3222764319594
2601.6734166487017,2712.313329547214
2604.993780240554,2707.0036215652312
2606.652020303385,2697.3798098282155
2611.9618836240156,2691.074536453943
2616.939710585461,2684.437420893795
2617.2892225424976,2675.477293528531
2612.9750799528038,2671.1631509388367
2609.6547163609516,2660.54373497487
2606.3382362352895,2652.911054022433
2595.3868615814613,2650.587964547993
2584.103838915067,2643.619006801969
2569.8340424024823,2643.9491014280597
2562.864773979163,2634.9889740627955
2555.5642458898965,2630.674831473101
2551.2501033002027,2619.7235733232587
2546.6039243513233,2609.767880565706
2546.6039243513233,2609.767880565706
2546.6039243513233,2609.767880565706
2542.953466133381,2601.8033574273927
2542.953466133381,2601.8033574273927
2542.953466133381,2601.8033574273927
2532.0024798261716,2599.480267952953
2532.0024798261716,2599.480267952953
2532.0024798261716,2599.480267952953
2523.70584265935,2591.1838637941028
2513.418152377274,2586.206036832657
2513.418152377274,2586.206036832657
2513.418152377274,2586.206036832657
2516.0744432507554,2579.568882437847
2516.0744432507554,2579.568882437847
2516.0744432507554,2579.568882437847
2508.441490455685,2586.206036832657
2508.441490455685,2586.206036832657
2508.441490455685,2586.206036832657
2508.791002412722,2575.9184630545665
2502.485806707773,2573.927409939312
2502.485806707773,2573.927409939312
2502.485806707773,2573.927409939312
2498.5033121306446,2577.2458317980695
2498.5033121306446,2577.2458317980695
2498.5033121306446,2577.2458317980695
2493.193837156633,2571.9361238160864
2493.193837156633,2571.9361238160864
2493.193837156633,2571.9361238160864
2485.5608843615623,2572.5998081878374
2485.5608843615623,2572.5998081878374
2485.5608843615623,2572.5998081878374
2481.5787781310532,2569.2813863290803
2481.5787781310532,2569.2813863290803
2481.5787781310532,2569.2813863290803
2482.9069235677944,2562.3123897483947
2482.9069235677944,2562.3123897483947
2482.9069235677944,2562.3123897483947
2480.5846107865927,2556.6708395805363
2480.5846107865927,2556.6708395805363
2480.5846107865927,2556.6708395805363
2471.2926412354527,2554.6797864652817
2471.2926412354527,2554.6797864652817
2471.2926412354527,2554.6797864652817
2466.314814274008,2559.989494447265
2458.682249825556,2558.330089344576
2456.690031670445,2552.0248159703037
2456.690031670445,2552.0248159703037
2456.690031670445,2552.0248159703037
2445.738657016617,2551.6947213442136
2445.738657016617,2551.6947213442136
2445.738657016617,2551.6947213442136
2441.7565507861077,2547.3805787545193
2437.442408196414,2550.6990006132764
2431.1368241448463,2544.0618462184666
2420.5174858502037,2545.0575669494033
2415.539658888759,2540.4115821738333
2404.2566362223647,2536.761123955891
2404.2566362223647,2536.761123955891
2404.2566362223647,2536.761123955891
2397.951440517416,2536.761123955891
2397.951440517416,2536.761123955891
2397.951440517416,2536.761123955891
2393.3052615685365,2529.792166209867
2381.3585545303913,2528.464797466364
2374.7213224662582,2522.491405112629
2379.0354650559516,2515.854250717819
2371.734548620067,2511.871989148663
2365.429352915118,2513.8630422639176
2361.447246684609,2504.239230526902
2361.447246684609,2504.239230526902
2361.447246684609,2504.239230526902
2361.447246684609,2496.6065107398026
2361.447246684609,2496.6065107398026
2361.447246684609,2496.6065107398026
2350.1642240182155,2495.6107900088664
2350.1642240182155,2495.6107900088664
2350.1642240182155,2495.6107900088664
2340.5402181078907,2500.920497990849
2340.5402181078907,2500.920497990849
2340.5402181078907,2500.920497990849
2335.8940391590113,2495.2789478229906
2338.8804246585833,2483.995808652611
2339.5444973769536,2474.3719969155954
2339.5444973769536,2474.3719969155954
2339.5444973769536,2474.3719969155954
2330.252527825814,2473.044628172092
2330.252527825814,2473.044628172092
2330.252527825814,2473.044628172092
2322.2879270181766,2475.3677176465317
2322.2879270181766,2475.3677176465317
2322.2879270181766,2475.3677176465317
2314.655362569725,2474.0403489030286
2314.655362569725,2474.0403489030286
2314.655362569725,2474.0403489030286
2312.3330497885236,2469.062521941583
2297.3995689041876,2474.7040721094418
2288.771283724799,2473.708351378505
2285.784898225227,2471.0536138914995
2282.7985127256547,2467.4031556735567
2274.1702275462662,2467.4031556735567
2267.532995482133,2465.080066199117
2263.550889251624,2456.7836232056047
2259.5683946744957,2448.4872190467545
2255.9179364565534,2440.854538094317
2258.240249237755,2433.22185714188
2264.545444942704,2426.58470274707
2257.5765648660035,2419.9475871869217
2249.279927699182,2419.617492560831
2244.6341370969217,2419.617492560831
2242.31182431572,2426.586450306855
2236.338664969957,2424.5953971916006
2236.338664969957,2424.5953971916006
2236.338664969957,2424.5953971916006
2232.3561703928285,2418.9538470237417
2232.3561703928285,2418.9538470237417
2232.3561703928285,2418.9538470237417
2232.705682349865,2410.9892850507667
2237.019824939559,2407.0070234816108
2237.019824939559,2407.0070234816108
2237.019824939559,2407.0070234816108
2232.041997978114,2400.038026900925
2232.041997978114,2400.038026900925
2232.041997978114,2400.038026900925
2212.4623381448982,2404.0202884700816
2212.4623381448982,2404.0202884700816
2212.4623381448982,2404.0202884700816
2200.8472791193185,2413.3122968558832
2200.8472791193185,2413.3122968558832
2200.8472791193185,2413.3122968558832
2192.21899393993,2412.9822022297926
2184.9180775040454,2418.2919102117758
2176.6218286838425,2426.9201953911634
2167.993543504454,2431.234299146196
2160.3609790560026,2433.2253522614506
2143.4360567097924,2435.216405376705
2138.1265817357807,2440.857955544564
2142.4407243254745,2444.5084137625063
2148.082235658672,2448.4906753316623
2156.046836466309,2450.481728446917
2146.0911825434177,2453.468502293108
2146.0911825434177,2453.468502293108
2146.0911825434177,2453.468502293108
2141.777039953724,2455.4595554083626
2141.777039953724,2455.4595554083626
2141.777039953724,2455.4595554083626
2147.750199299487,2461.4329865967593
2154.3874313636206,2468.7338253633206
2164.6751216456964,2469.3975097350717
2169.984596619708,2473.047967953014
2179.276566170848,2473.3780625791046
2185.581761875797,2482.3381511097064
2179.276566170848,2481.34243037877
2174.298739209403,2481.0123357526795
2166.9978227735182,2477.3618775347372
2166.9978227735182,2477.3618775347372
2166.9978227735182,2477.3618775347372
2160.360979056004,2476.6981931629857
2160.360979056004,2476.6981931629857
2160.360979056004,2476.6981931629857
2162.353197211115,2484.6627551359607
2170.317798018752,2490.968028510233
2169.323630674291,2498.9325904832076
2171.3158488294025,2508.8882832407608
2175.2983434065304,2512.206705099518
2178.6187069983825,2512.5367997256085
2177.290561561642,2522.824334669037
2173.640103343699,2528.13404265102
2170.3197397518475,2527.8039480249295
2167.3333542522755,2535.7685099979044
2165.6751141894442,2540.746375794012
2162.6887286898723,2547.0516491682843
2158.706622459363,2546.0559284373476
2151.074058010912,2543.069154591157
2146.759915421218,2545.3922440655965
2146.759915421218,2546.0559284373476
2146.759915421218,2546.0559284373476
2146.759915421218,2546.0559284373476
2146.0958427028477,2553.3568060385714
2146.0958427028477,2553.3568060385714
2146.0958427028477,2553.3568060385714
2144.767697266107,2562.316894569173
2156.0511082791195,2566.2991949729917
2169.3251840607686,2571.2770219344375
2169.3251840607686,2571.2770219344375
2169.3251840607686,2571.2770219344375
2170.3193514052296,2580.9008725061144
2170.3193514052296,2580.9008725061144
2170.3193514052296,2580.9008725061144
2178.947636584618,2582.560277608803
2178.947636584618,2582.560277608803
2178.947636584618,2582.560277608803
2175.297178366676,2591.520366139405
2175.297178366676,2591.520366139405
2175.297178366676,2591.520366139405
2178.947636584618,2594.507139985596
2189.5669748792607,2601.807978752157
2194.5448018407055,2605.126400610914
2200.5183495330875,2612.4272393774754
2212.133020212048,2612.757334003566
2198.195260058648,2615.4120714905716
2193.5490811097684,2616.739440234075
2193.5490811097684,2616.739440234075
2193.5490811097684,2616.739440234075
2202.177366289157,2622.712871422472
2202.177366289157,2622.712871422472
2202.177366289157,2622.712871422472
2208.150913981539,2628.0225794044545
2207.8014020245023,2636.9826679350567
2207.8014020245023,2636.9826679350567
2207.8014020245023,2636.9826679350567
2205.145111151021,2643.951664515742
2205.145111151021,2643.951664515742
2205.145111151021,2643.951664515742
2208.131496650593,2651.916226488717
2208.131496650593,2651.916226488717
2208.131496650593,2651.916226488717
2202.157948958211,2658.2214998629893
2202.157948958211,2658.2214998629893
2202.157948958211,2658.2214998629893
2198.175842727702,2669.1727580128313
2198.175842727702,2669.1727580128313
2198.175842727702,2669.1727580128313
2195.5195518542205,2681.4514237408384
2190.2096885335895,2689.7478278996887
2201.8247475591693,2696.7168244803743
2208.793627635869,2704.349505432812
2211.1159404170708,2707.3362792790026
2224.058368186153,2710.323053125194
2233.018301378107,2714.969037900764
2237.332443967801,2722.9335998737383
2246.292765506374,2726.584058091681
2248.6150782875757,2730.566319660837
2239.3231087364356,2727.9115821738314
2236.006628610773,2730.566319660837
2229.36939654664,2722.9336387084
2219.7457789829346,2722.9336387084
2219.7457789829346,2722.9336387084
2219.7457789829346,2722.9336387084
2220.095290939971,2730.8982006813744
2220.095290939971,2730.8982006813744
2220.095290939971,2730.8982006813744
2220.095290939971,2746.1635625862486
2220.095290939971,2746.1635625862486
2220.095290939971,2746.1635625862486
2223.7457491579135,2752.468835960521
2223.7457491579135,2752.468835960521
2223.7457491579135,2752.468835960521
2232.042386324735,2758.11038612838
2245.3164621063843,2766.738671307768
2235.6924561960595,2764.083933820762
2227.0645593632903,2761.429196333756
2222.086344055226,2763.7522858081957
2222.086344055226,2763.7522858081957
2222.086344055226,2763.7522858081957
2221.422271336856,2772.712374338798
2221.422271336856,2772.712374338798
2221.422271336856,2772.712374338798
2223.414489491967,2781.6725017040617
2230.7150175812335,2788.3096560988715
2229.056777518402,2794.9467716590198
2227.064559363291,2808.221041613978
2233.36975506824,2813.8625917818363
2233.7192670252766,2820.1678651561087
2235.377507088108,2828.4642693149594
2235.377507088108,2828.4642693149594
2235.377507088108,2828.4642693149594
2240.6873704087384,2833.773977296942
2240.6873704087384,2833.773977296942
2240.6873704087384,2833.773977296942
2249.9793399598784,2843.397789033958
2249.629828002842,2857.9994665670806
2241.665227195205,2863.3091745490638
2240.337081758464,2871.937459728452
2244.319187988973,2874.5921972154574
2251.9521407840434,2878.2426554334
2257.9253001298066,2877.5789710616486
2249.9610876687884,2882.5567980230944
2248.6329422320478,2887.866506005077
2255.602210655367,2899.4814873613327
2272.194708295772,2895.499186957514
2268.87822817011,2901.472618145911
2274.1880914907406,2906.7823261278936
2274.1880914907406,2913.087599502166
2274.1880914907406,2913.087599502166
2274.1880914907406,2913.087599502166
2276.1803096458516,2920.05655724819
2276.1803096458516,2920.05655724819
2276.1803096458516,2920.05655724819
2273.5240187723703,2931.6715386044452
2264.8957335929817,2936.9812465864284
2262.9035154378707,2946.9369393439815
2262.9035154378707,2946.9369393439815
2262.9035154378707,2946.9369393439815
2262.2394427195004,2957.556355307948
2262.2394427195004,2957.556355307948
2262.2394427195004,2957.556355307948
2270.536079886322,2961.2068135258905
2270.536079886322,2961.2068135258905
2270.536079886322,2961.2068135258905
2269.872007167952,2974.812925666724
2269.872007167952,2974.812925666724
2269.872007167952,2974.812925666724
2271.2001526046924,2985.7641838165664
2271.2001526046924,2985.7641838165664
2271.2001526046924,2985.7641838165664
2269.541912541861,2991.737576170301
2269.541912541861,2991.737576170301
2269.541912541861,2991.737576170301
2277.174865336932,2997.047284152284
2276.825353379895,3004.3481229188455
2275.4972079431545,3014.635657862274
2283.4618087507915,3019.945365844257
2291.426409558429,3022.6001033312627
2298.7269376476956,3017.29039534928
2306.3598904427663,3015.2993422340255
2311.0056810450264,3018.949800451968
2304.7004853400776,3025.5869160121156
2293.0854263144984,3034.54704337738
2291.427186251667,3039.5249091734872
2284.126269815782,3039.5249091734872
2280.143775238654,3037.865504070799
2280.143775238654,3037.865504070799
2280.143775238654,3037.865504070799
2268.86075257226,3048.816762220641
2268.86075257226,3048.816762220641
2268.86075257226,3048.816762220641
2264.878646341751,3057.1131663794918
2264.878646341751,3057.1131663794918
2264.878646341751,3057.1131663794918
2267.5349372152327,3067.40070132292
2262.225073894602,3072.3785671190276
2257.910931304908,3081.338694484292
2256.5827858681673,3097.2677795955797
2248.286537047965,3107.8871955595464
2241.6493049838314,3113.5287457274053
2249.2818694322827,3126.4711346618255
2249.2818694322827,3131.449000457933
2259.5695597143585,3135.099458675875
2267.5341605219955,3148.373689796171
2267.5341605219955,3148.373689796171
2267.5341605219955,3148.373689796171
2273.8393562269443,3158.993105760138
2273.8393562269443,3158.993105760138
2273.8393562269443,3158.993105760138
2276.495647100426,3168.285075311278
2283.4649155237453,3181.8911874521114
2283.4649155237453,3181.8911874521114
2283.4649155237453,3181.8911874521114
2293.752217459203,3184.5459249391174
2293.752217459203,3184.5459249391174
2293.752217459203,3184.5459249391174
2305.3672764847825,3192.8423290979676
2321.960162471807,3194.169697841471
2322.954329816268,3197.4881197002283
2312.666639534192,3198.483840431165
2302.0473012395496,3199.147524802916
2297.0694742781047,3207.4439289617667
2296.719962321068,3221.381883288476
2298.712180476179,3222.045567660227
2310.9909238735104,3233.3287068306067
2311.6549965918807,3241.6251109894574
2322.606371245709,3242.2887953612085
2332.5620251686,3241.9587007351183
2332.5620251686,3241.9587007351183
2332.5620251686,3241.9587007351183
2343.8450478349937,3247.932131923515
2343.8450478349937,3247.932131923515
2343.8450478349937,3247.932131923515
2347.4955060529364,3255.232970690076
2356.455827591509,3257.887708177082
2356.455827591509,3257.887708177082
2356.455827591509,3257.887708177082
2368.7345709888405,3256.8919874461453
2368.7345709888405,3256.8919874461453
2368.7345709888405,3256.8919874461453
2378.6902249117315,3263.197260820418
2378.6902249117315,3263.197260820418
2378.6902249117315,3263.197260820418
2384.9954206166803,3262.867166194327
2384.9954206166803,3262.867166194327
2384.9954206166803,3262.867166194327
2387.9818061162523,3269.1724395685997
2397.273775667392,3270.1681602995363
2397.273775667392,3270.1681602995363
2397.273775667392,3270.1681602995363
2405.9020608467804,3272.159213414791
2405.9020608467804,3272.159213414791
2405.9020608467804,3272.159213414791
2409.2224244386325,3280.787498594179
2409.2224244386325,3280.787498594179
2409.2224244386325,3280.787498594179
2407.5641843758012,3287.4246141543267
2397.9405668120958,3289.7477036287664
2389.3122816327073,3289.417609002676
2384.3344546712624,3291.4086621179304
2384.3344546712624,3291.4086621179304
2384.3344546712624,3291.4086621179304
2379.0245913506315,3292.736030861434
2379.0245913506315,3292.736030861434
2379.0245913506315,3292.736030861434
2372.0557112739316,3291.740310130497
2372.0557112739316,3291.740310130497
2372.0557112739316,3291.740310130497
2367.741568684238,3285.4350367562247
2367.741568684238,3285.4350367562247
2367.741568684238,3285.4350367562247
2353.1397358124673,3282.448262910034
2336.878886184627,3277.1385937627124
2330.241654120494,3277.468688388803
2322.9411260312268,3287.7562233322315
2318.2949470823473,3293.397812334753
2310.9940306464628,3291.074722860313
2298.0516028773804,3296.384430842296
2298.0516028773804,3296.384430842296
2298.0516028773804,3296.384430842296
2290.0870020697434,3298.3754839575504
2290.0870020697434,3298.3754839575504
2290.0870020697434,3298.3754839575504
2286.1048958392344,3303.353310918996
2286.1048958392344,3303.353310918996
2286.1048958392344,3303.353310918996
2278.8039794033493,3304.349031649933
2278.8039794033493,3304.349031649933
2278.8039794033493,3304.349031649933
2264.866219249949,3304.018937023842
2262.209928376468,3297.0499792778187
2253.5816431970793,3293.731557419061
2253.5816431970793,3293.731557419061
2253.5816431970793,3293.731557419061
2243.958025633374,3294.0616520451517
2243.958025633374,3294.0616520451517
2243.958025633374,3294.0616520451517
2234.666056082234,3287.7563786708793
2234.666056082234,3287.7563786708793
2234.666056082234,3287.7563786708793
2222.387312684903,3287.092694299128
2212.7633067745787,3291.074955868284
2212.7633067745787,3291.074955868284
2212.7633067745787,3291.074955868284
2213.112818731615,3297.3802292425567
2213.112818731615,3297.3802292425567
2213.112818731615,3297.3802292425567
2218.7543300648126,3300.0349667295627
2218.7543300648126,3300.0349667295627
2218.7543300648126,3300.0349667295627
2220.0824755015533,3307.667647682
2208.135768463408,3308.3313320537513
2209.7940085262394,3313.97288222161
2202.1610557311687,3318.287024811304
2198.840692139317,3314.968602952547
2193.1991808061193,3320.9420341409436
2181.58412178054,3321.2721287670342
2170.301099114146,3316.95798617734
2167.314713614574,3307.6660166262
2163.332607384065,3302.0244664583415
2161.340389228954,3297.7103238686473
2152.380456037,3295.3872343942076
2147.4026290755546,3291.404933990389
2147.4026290755546,3291.404933990389
2147.4026290755546,3291.404933990389
2140.10171263967,3288.750196503383
2140.10171263967,3288.750196503383
2140.10171263967,3288.750196503383
2129.8140223575942,3290.7412496186375
2125.1682317553336,3296.0509187659586
2113.2215247171885,3306.338492544049
2090.9871273969666,3319.612723664345
2090.9871273969666,3319.612723664345
2090.9871273969666,3319.612723664345
2084.0178589736474,3321.6037767795997
2084.0178589736474,3321.6037767795997
2084.0178589736474,3321.6037767795997
2083.0236916291865,3331.559430702491
2070.7449482318557,3333.5504838177453
2061.7846266932825,3333.5504838177453
2055.147782975768,3340.5194415637693
2044.5280563345066,3341.515162294706
2034.904438770801,3345.1656205126483
2029.5945754501704,3351.802774907458
2023.9530641169729,3349.4796854330184
2021.6307513357713,3344.8337006574484
2014.6618712590712,3344.170016285697
2014.6618712590712,3344.170016285697
2014.6618712590712,3344.170016285697
2008.688711913308,3341.5152787986913
2008.688711913308,3341.5152787986913
2008.688711913308,3341.5152787986913
2000.3920747464863,3343.506331913946
1995.746284144226,3349.811566453556
1989.1090520800924,3348.152161350868
1987.7809066433517,3345.165387504677
1987.7809066433517,3345.165387504677
1987.7809066433517,3345.165387504677
1983.1347276944723,3349.811372280247
1983.1347276944723,3349.811372280247
1983.1347276944723,3349.811372280247
1973.5111101307668,3354.125514869941
1963.8871042204423,3354.789199241692
1954.2634866567369,3356.448604344381
1951.277101157165,3361.094589119951
1951.277101157165,3361.094589119951
1951.277101157165,3361.094589119951
1947.956737565313,3368.063585700636
1947.956737565313,3368.063585700636
1947.956737565313,3368.063585700636
1935.6783825146013,3374.036978054371
1923.731287129837,3376.3600675288108
1910.7888593607547,3371.0503595468276
1910.7888593607547,3371.0503595468276
1910.7888593607547,3371.0503595468276
1899.8378730535455,3370.7202649207375
1899.8378730535455,3370.7202649207375
1899.8378730535455,3370.7202649207375
1880.25821322033,3369.724544189801
1891.5412358867238,3365.410440434768
1898.178467950857,3364.083071691265
1899.172635295318,3357.445956131117
1892.8670512437502,3357.445956131117
1888.2212606414898,3350.145117364556
1875.9425172441588,3349.4814329928045
1875.9425172441588,3349.4814329928045
1875.9425172441588,3349.4814329928045
1864.9911425903306,3354.7911409747876
1864.9911425903306,3354.7911409747876
1864.9911425903306,3354.7911409747876
1857.0265417826934,3360.1008489567707
1857.0265417826934,3360.1008489567707
1857.0265417826934,3360.1008489567707
1854.0401562831214,3368.7290953014967
1841.429376526606,3376.361815088596
1823.8411581552632,3383.6626538551573
1805.920903424735,3380.675880008966
1796.2968975144104,3378.3527905345263
1794.9687520776697,3373.374924738419
1794.9687520776697,3373.374924738419
1794.9687520776697,3373.374924738419
1787.667835641785,3373.0448301123283
1787.667835641785,3373.0448301123283
1787.667835641785,3373.0448301123283
1779.3715868215822,3375.6995675993344
1779.3715868215822,3375.6995675993344
1779.3715868215822,3375.6995675993344
1771.406986013945,3376.029662225425
1767.7565277960025,3379.0164360716158
1767.7565277960025,3379.0164360716158
1767.7565277960025,3379.0164360716158
1773.3980391292,3382.003209917807
1773.3980391292,3382.003209917807
1773.3980391292,3382.003209917807
1772.7339664108297,3386.649194693377
1772.7339664108297,3386.649194693377
1772.7339664108297,3386.649194693377
1765.1014019623783,3386.3191000672864
1757.136801154741,3383.6643625802803
1747.8448316036013,3387.978466335313
1741.5396358986525,3391.29688819407
1735.2340518470846,3391.9605725658216
1732.2476663475127,3399.2614113323825
1735.2340518470846,3404.5711193143657
1746.5174628600973,3400.9206610964234
1739.880230795964,3411.5400382257276
1739.880230795964,3411.5400382257276
1739.880230795964,3411.5400382257276
1736.5598672041122,3418.1771926205374
1736.5598672041122,3418.1771926205374
1736.5598672041122,3418.1771926205374
1736.5598672041122,3426.473596779388
1727.2678976529724,3431.4514237408334
1717.9759281018323,3443.066405097089
1714.6555645099804,3447.712389872659
1709.0140531767831,3457.0043594237986
1725.9385871763743,3453.3539012058563
1724.9444198319136,3462.9777517775337
1726.2725652686543,3466.9600133466897
1730.9187442175337,3471.274155936384
1727.2682859995914,3479.90240228111
1726.2741186551305,3490.189976059201
1717.645833475742,3495.1678030206463
1714.65944797617,3508.110191955067
1718.6419425532981,3515.411030721628
1726.2745070017495,3517.402083836883
1729.5948705936014,3513.0879412471886
1733.5773651707295,3508.1100754510812
1739.5505245164925,3498.486263714066
1741.2087645793238,3514.4153488253537
1749.173365386961,3526.362172367485
1740.2134321950068,3532.335603555881
1739.8639202379704,3539.9682845083184
1748.492205417359,3544.2824270980127
1761.7662811990078,3544.2824270980127
1755.461085494059,3549.592135079996
1736.213462020028,3549.2620404539052
1730.239914327646,3555.5673138281777
1712.3196595971176,3558.2220513151833
1712.3196595971176,3558.2220513151833
1712.3196595971176,3558.2220513151833
1707.6738689948572,3552.2486589614487
1707.6738689948572,3552.2486589614487
1707.6738689948572,3552.2486589614487
1696.3908463284633,3552.2486589614487
1690.0856506235145,3554.5717484358884
1688.0934324684033,3566.8504529985576
1682.7839574943916,3578.1335533342753
1682.7839574943916,3578.1335533342753
1682.7839574943916,3578.1335533342753
1679.7975719948197,3590.0803768764063
1679.7975719948197,3590.0803768764063
1679.7975719948197,3590.0803768764063
1680.7917393392806,3600.699792840373
1680.7917393392806,3600.699792840373
1680.7917393392806,3600.699792840373
1689.7516725312346,3610.655485597926
1694.397851480114,3612.978575072366
1681.455423711032,3612.978575072366
1672.1634541598921,3614.9696281876204
1669.5071632864106,3622.9341901605953
1664.5293363249655,3631.894278691197
1671.166568389099,3637.535867693718
1674.3121760024155,3657.8481822582135
